ID,Name,Filter Sequence
Ref1,KRASG12D,GACTGAGTATAAACTAGTAGTCGTTGGAGCTGAT
Ref2,KRASG12WT,GACTGAGTATAAACTAGTAGTCGTTGGAGCTGGT
Ref3,KRASQ61L,CTAGAGGAGTACAGTGCAATGAGGGACCAGTACATGAGAACAGGCGAAG
Ref4,KRASQ61WT,CAAGAGGAGTACAGTGCAATGAGGGACCAGTACATGAGAACAGGCGAAG
Ref5,HRASG12D,GACAGAATACAAGCTCGTCGTAGTGGGCGCTGAT
Ref6,HRASG12WT,GACAGAATACAAGCTCGTCGTAGTGGGCGCTGGA
Ref7,HRASQ61L,CTAGAAGAGTATAGTGCCATGCGGGACCAGTACATGCGAACTGGCG
Ref8,HRASQ61WT,CAAGAAGAGTATAGTGCCATGCGGGACCAGTACATGCGAACTGGCG
Ref9,NRASG12D,GATGGTGTTGGGAAAAGCGCATTAACTATCCAGCTAATCCAG
Ref10,NRASG12WT,GGTGGTGTTGGGAAAAGCGCATTAACTATCCAGCTAATCCAG
Ref11,NRASQ61L,GCTGGGCTAGAAG
Ref12,NRASQ61WT,GCTGGGCAAGAAG