ID,Name,Filter Sequence,Mutation Codon
Ref1,KRASG12D,GACTGAGTATAAACTAGTAGTCGTTGGAGCTGAT,GAT
Ref2,KRASG12WT,GACTGAGTATAAACTAGTAGTCGTTGGAGCTGGT,GGT
Ref3,KRASQ61L,CTAGAGGAGTACAGTGCAATGAGGGACCAGTACATGAGAACAGGCGAAG,CTA
Ref4,KRASQ61WT,CAAGAGGAGTACAGTGCAATGAGGGACCAGTACATGAGAACAGGCGAAG,CAA
Ref5,HRASG12D,GACAGAATACAAGCTCGTCGTAGTGGGCGCTGAT,GAT
Ref6,HRASG12WT,GACAGAATACAAGCTCGTCGTAGTGGGCGCTGGA,GGA
Ref7,HRASQ61L,CTAGAAGAGTATAGTGCCATGCGGGACCAGTACATGCGAACTGGCG,CTA
Ref8,HRASQ61WT,CAAGAAGAGTATAGTGCCATGCGGGACCAGTACATGCGAACTGGCG,CAA
Ref9,NRASG12D,GATGGTGTTGGGAAAAGCGCATTAACTATCCAGCTAATCCAG,GAT
Ref10,NRASG12WT,GGTGGTGTTGGGAAAAGCGCATTAACTATCCAGCTAATCCAG,GGT
Ref11,NRASQ61L,GCTGGGCTAGAAG,CTA
Ref12,NRASQ61WT,GCTGGGCAAGAAG,CAA